Roll,Name,Gender,Bangla,Math,English
1,A,Male,99,90,90
2,B,Male,98,99,94
3,C,Female,97,93,99
4,A,Female,96,92,92
5,B,Female,95,91,91
6,C,Male,94,30,90
7,A,Female,93,89,89
8,B,Male,92,88,88
9,C,Female,91,87,87
10,A,Male,90,86,46
11,B,Male,89,85,85
12,C,Male,88,84,84
13,A,Female,87,83,83
14,B,Female,96,82,82
15,C,Male,85,81,81
16,A,Male,84,80,80
17,B,Male,83,79,79
18,C,Male,82,78,78
19,A,Male,81,77,77
20,B,Male,80,76,76
